username ;password;firstname;lastname;email;city;country
533986296;user@1;Camilo;Paredes;camilo@gmail.com;Quito;EC
559986296;user@2;Carlos;Enriquez;Carlos@gmail.com;Guamani;EC
533986285;user@3;Marisol;Peña;Marisol@gmail.com;LA Marin;EC
533963996;user@4;Alexa;Martinez;Alexa@gmail.com;Loja;EC
178986286;user@5;Shirley;Caza;Shirley@gmail.com;Quitumbe;EC
523986296;user@6;Armando;Broncas;Armando@gmail.com;Latacunga;EC
153986296;user@7;Cristian;Perez;Cristian@gmail.com;Quito;EC
363986236;user@8;Marcos;Castilla;Marcos@gmail.com;Quito;EC
1;1;1;1;1;1;1
